{
    "locations": [

        {
            "title": "City Hall",
            "latitude": 40.713484,
            "longitude": -74.006739
        },
        {
            "title": "Brooklyn Bridge",
            "latitude": 40.712801,
            "longitude": -74.004936
        },
        {
            "title": "NYPD",
            "latitude": 40.712199,
            "longitude": -74.001675
        },
        {
            "title": "The Woolworth Building",
            "latitude": 40.712443,
            "longitude": -74.008369
        },
        {
            "title": "Foley Square",
            "latitude": 40.714541,
            "longitude": -74.003091
        },
        {
            "title": "Sazon",
            "latitude": 40.715631,
            "longitude": -74.008498
        },
        {
            "title": "Southbridge Towers",
            "latitude": 40.709206,
            "longitude": -74.003434
        },
        {
            "title": "Wall St",
            "latitude": 40.707612,
            "longitude": -74.011996
        },
        {
            "title": "Tribeca Grill",
            "latitude": 40.719518,
            "longitude": -74.009807
        }
    ]
}
