{
    "001" : {
        "name":"Maradana",
        "latitude":6.929448334838397,
        "longitude":79.86510001656347,
        "distances":{
            "002":1800
        },
        "arrivals":{
            "8086":{
                "trainId":8086,
                "name" : "Sagarika",
                "status":"stopping",
                "static_ar_time" :"16:40",
                "static_dpt_time" : "16:40",
                "dynamic_ar_time" : "16:40",
                "dynamic_dpt_time" : "16:40"
            }
        }

    },
    "002" : {
        "name":"Colombo Fort",
        "latitude":6.933436917812894,
        "longitude":79.85051416394049,
        "distances":{
            "001":1800,
            "003":12262
        },
        "arrivals":{
            "8086":{
                "trainId":8086,
                "name" : "Sagarika",
                "status":"stopping",
                "static_ar_time" : "16:44",
                "static_dpt_time" : "16:46",
                "dynamic_ar_time" : "16:44",
                "dynamic_dpt_time" : "16:46"
            }
        }

    },
    "003" : {
        "name":"Mount Lavinia",
        "latitude":6.831672283442692,
        "longitude":79.86277722355658,
        "distances":{
            "002":12262,
            "004":1940
        },
        "arrivals":{
            "8086":{
                "trainId":8086,
                "name" : "Sagarika",
                "status":"passing",
                "static_ar_time" : "17:01",
                "static_dpt_time" : "17:01",
                "dynamic_ar_time" : "17:01",
                "dynamic_dpt_time" : "17:01"
            }
        }

    },
    "004" : {
        "name":"Rathmalana",
        "latitude":6.814755559951212,
        "longitude":79.86689709660345,
        "distances":{
            "003":1940,
            "005":4870
        },
        "arrivals":{
            "8086":{
                "trainId":8086,
                "name" : "Sagarika",
                "status":"stopping",
                "static_ar_time" : "17:04",
                "static_dpt_time" : "17:05",
                "dynamic_ar_time" : "17:04",
                "dynamic_dpt_time" : "17:05"
            }
        }

    },
    "005" : {
        "name":"Moratuwa",
        "latitude":6.774341565586972,
        "longitude":79.88195770022207,
        "distances":{
            "003":4870,
            "005":7380
        },
        "arrivals":{
            "8086":{
                "trainId":8086,
                "name" : "Sagarika",
                "status":"passing",
                "static_ar_time" : "17:11",
                "static_dpt_time" : "17:11",
                "dynamic_ar_time" :"17:11",
                "dynamic_dpt_time" : "17:11"
            }
        }

    },
    "006" : {
        "name":"Panadura",
        "latitude":6.9222717,
        "longitude":79.9388373,
        "distances":{
            "003":7380,
            "005":0
        },
        "arrivals":{
            "8086":{
                "trainId":8086,
                "name" : "Sagarika",
                "status":"stopping",
                "static_ar_time" : "17:21",
                "static_dpt_time" : "17:22",
                "dynamic_ar_time" :"17:21",
                "dynamic_dpt_time" : "17:22"
            },
            "8096":{
                "trainId":8086,
                "name" : "Ruhunu Kumari",
                "status":"stopping",
                "static_ar_time" : "17:21",
                "static_dpt_time" : "17:22",
                "dynamic_ar_time" :"17:21",
                "dynamic_dpt_time" : "17:22"
            },
            "8076":{
                "trainId":8086,
                "name" : "Galu Kumari",
                "status":"stopping",
                "static_ar_time" : "17:21",
                "static_dpt_time" : "17:22",
                "dynamic_ar_time" :"17:21",
                "dynamic_dpt_time" : "17:22"
            }

        }

    },
    "007" : {
        "name":"Wadduwa",
        "latitude":6.662731553064251,
        "longitude":79.92868066084043,
        "arrivals":{
            "8086":{
                "trainId":8086,
                "name" : "Sagarika",
                "status":"passing",
                "static_ar_time" : "17:30",
                "static_dpt_time" : "17:30",
                "dynamic_ar_time" :"17:30",
                "dynamic_dpt_time" : "17:30"
            }
        }

    },
    "008" : {
        "name":"Kalutara North",
        "latitude":6.601176469012077,
        "longitude":79.95427966367856,
        "arrivals":{
            "8086":{
                "trainId":8086,
                "name" : "Sagarika",
                "status":"passing",
                "static_ar_time" : "17:38",
                "static_dpt_time" : "17:38",
                "dynamic_ar_time" :"17:38",
                "dynamic_dpt_time" : "17:38"
            }
        }

    },
    "009" : {
        "name":"Kalutara South",
        "latitude":6.584102526291926,
        "longitude":79.95893597852842,
        "arrivals":{
            "8086":{
                "trainId":8086,
                "name" : "Sagarika",
                "status":"stopping",
                "static_ar_time" : "17:42",
                "static_dpt_time" : "17:43",
                "dynamic_ar_time" :"17:42",
                "dynamic_dpt_time" : "17:43"
            }
        }

    },
    "010" : {
        "name":"Payagala",
        "latitude":6.531619396641329,
        "longitude":79.97499704610959,
        "arrivals":{
            "8086":{
                "trainId":8086,
                "name" : "Sagarika",
                "status":"passing",
                "static_ar_time" : "17:49",
                "static_dpt_time" : "17:49",
                "dynamic_ar_time" :"17:49",
                "dynamic_dpt_time" : "17:49"
            }
        }

    },
    "011" : {
        "name":"Beruwala",
        "latitude":6.476892091790291,
        "longitude":79.9838590646948,
        "arrivals":{
            "8086":{
                "trainId":8086,
                "name" : "Sagarika",
                "status":"passing",
                "static_ar_time" : "17:53",
                "static_dpt_time" : "17:53",
                "dynamic_ar_time" :"17:53",
                "dynamic_dpt_time" : "17:53"
            }
        }

    },
    "012" : {
        "name":"Aluthgama",
        "latitude":6.4329055401228565,
        "longitude":80.00018835317746,
        "arrivals":{
            "8086":{
                "trainId":8086,
                "name" : "Sagarika",
                "status":"stopping",
                "static_ar_time" : "17:57",
                "static_dpt_time" : "17:58",
                "dynamic_ar_time" :"17:57",
                "dynamic_dpt_time" : "17:58"
            }
        }

    },
    "013" : {
        "name":"Induruwa",
        "latitude":6.387465118861653,
        "longitude":80.00877142202512,
        "arrivals":{
            "8086":{
                "trainId":8086,
                "name" : "Sagarika",
                "status":"passing",
                "static_ar_time" : "18:02",
                "static_dpt_time" : "18:02",
                "dynamic_ar_time" :"18:02",
                "dynamic_dpt_time" : "18:02"
            }
        }

    },
    "014" : {
        "name":"Kosgoda",
        "latitude":6.338416496201347,
        "longitude":80.02952099096433,
        "arrivals":{
            "8086":{
                "trainId":8086,
                "name" : "Sagarika",
                "status":"passing",
                "static_ar_time" : "18:07",
                "static_dpt_time" : "18:07",
                "dynamic_ar_time" :"18:07",
                "dynamic_dpt_time" : "18:07"
            }
        }

    },
    "015" : {
        "name":"Balapitiya",
        "latitude":6.276587265636691,
        "longitude":80.04346847784177,
        "arrivals":{
            "8086":{
                "trainId":8086,
                "name" : "Sagarika",
                "status":"passing",
                "static_ar_time" : "18:13",
                "static_dpt_time" : "18:13",
                "dynamic_ar_time" :"18:13",
                "dynamic_dpt_time" : "18:13"
            }
        }

    },
    "016" : {
        "name":"Ambalangoda",
        "latitude":6.2352499328547015,
        "longitude":80.05503416311399,
        "arrivals":{
            "8086":{
                "trainId":8086,
                "name" : "Sagarika",
                "status":"stopping",
                "static_ar_time" : "18:17",
                "static_dpt_time" : "18:18",
                "dynamic_ar_time" :"18:17",
                "dynamic_dpt_time" : "18:18"
            }
        }

    },
    "017" : {
        "name":"Kahawe",
        "latitude":6.183264360685527,
        "longitude":80.07402420293943,
        "arrivals":{
            "8086":{
                "trainId":8086,
                "name" : "Sagarika",
                "status":"passing",
                "static_ar_time" : "18:23",
                "static_dpt_time" : "18:23",
                "dynamic_ar_time" :"18:23",
                "dynamic_dpt_time" : "18:23"
            }
        }
    },
    "018" : {
        "name":"Hikkaduwa",
        "latitude":6.142197050065337,
        "longitude":80.10013818990842,
        "arrivals":{
            "8086":{
                "trainId":8086,
                "name" : "Sagarika",
                "status":"stopping",
                "static_ar_time" : "18:28",
                "static_dpt_time" : "18:29",
                "dynamic_ar_time" :"18:28",
                "dynamic_dpt_time" : "18:29"
            }
        }

    },
    "019" : {
        "name":"Dodanduwa",
        "latitude":6.0982888583717125,
        "longitude":80.13286113989011,
        "arrivals":{
            "8086":{
                "trainId":8086,
                "name" : "Sagarika",
                "status":"passing",
                "static_ar_time" : "18:34",
                "static_dpt_time" : "18:34",
                "dynamic_ar_time" :"18:34",
                "dynamic_dpt_time" : "18:34"
            }
        }

    },
    "020" : {
        "name":"Boossa",
        "latitude":6.073900975794997,
        "longitude":80.16094923269407,
        "arrivals":{
            "8086":{
                "trainId":8086,
                "name" : "Sagarika",
                "status":"stopping",
                "static_ar_time" : "18:38",
                "static_dpt_time" : "18:39",
                "dynamic_ar_time" :"18:38",
                "dynamic_dpt_time" : "18:39"
            }
        }

    },
    "021" : {
        "name":"Ginthota",
        "latitude":6.0606290652304144,
        "longitude":80.17942428838865,
        "arrivals":{
            "8086":{
                "trainId":8086,
                "name" : "Sagarika",
                "status":"passing",
                "static_ar_time" : "18:41",
                "static_dpt_time" : "18:41",
                "dynamic_ar_time" :"18:41",
                "dynamic_dpt_time" : "18:41"
            }
        }
    },
    "022" : {
        "name":"Galle",
        "latitude":6.035668668147113,
        "longitude":80.21408379327909,
        "arrivals":{
            "8086":{
                "trainId":8086,
                "name" : "Sagarika",
                "status":"stopping",
                "static_ar_time" : "18:45",
                "static_dpt_time" : "18:50",
                "dynamic_ar_time" :"18:45",
                "dynamic_dpt_time" : "18:50"
            }
        }

    },
    "023" : {
        "name":"Talpe",
        "latitude":5.998516678221995,
        "longitude":80.2801305080618,
        "arrivals":{
            "8086": {
                "trainId":8086,
                "name" : "Sagarika",
                "status":"stopping",
                "static_ar_time" : "19:00",
                "static_dpt_time" : "19:01",
                "dynamic_ar_time" :"19:00",
                "dynamic_dpt_time" : "19:01"
            }
        }
    },
    "024" : {
        "name":"Koggala",
        "latitude":5.986011187795266,
        "longitude":80.3316932941641,
        "arrivals":{
            "8086":{
                "trainId":8086,
                "name" : "Sagarika",
                "status":"passing",
                "static_ar_time" : "19:04",
                "static_dpt_time" : "19:04",
                "dynamic_ar_time" :"19:04",
                "dynamic_dpt_time" : "19:04"
            }
        }

    },
    "025" : {
        "name":"Ahangama",
        "latitude":5.973270658350204,
        "longitude":80.36383688699857,
        "arrivals":{
            "8086":{
                "trainId":8086,
                "name" : "Sagarika",
                "status":"stopping",
                "static_ar_time" : "19:09",
                "static_dpt_time" : "19:10",
                "dynamic_ar_time" :"19:09",
                "dynamic_dpt_time" : "19:10"
            }
        }

    },
    "026" : {
        "name":"Weligama",
        "latitude":5.975639522961144,
        "longitude":80.4296690250601,
        "arrivals":{
            "8086":{
                "trainId":8086,
                "name" : "Sagarika",
                "status":"stopping",
                "static_ar_time" : "19:20",
                "static_dpt_time" : "19:21",
                "dynamic_ar_time" :"19:20",
                "dynamic_dpt_time" : "19:21"
            }
        }

    },
    "027" : {
        "name":"Kamburugamuwa",
        "latitude":5.943434892953121,
        "longitude":80.4958230282034,
        "arrivals":{
            "8086":{
                "trainId":8086,
                "name" : "Sagarika",
                "status":"stopping",
                "static_ar_time" : "19:28",
                "static_dpt_time" : "19:29",
                "dynamic_ar_time" :"19:28",
                "dynamic_dpt_time" : "19:29"
            }
        }

    },
    "028" : {
        "name":"Matara",
        "latitude":5.951838370683485,
        "longitude":80.5435502554144,
        "arrivals":{
            "8086":{
                "trainId":8086,
                "name" : "Sagarika",
                "status":"stopping",
                "static_ar_time" : "19:35",
                "static_dpt_time" : "19:35",
                "dynamic_ar_time" :"19:35",
                "dynamic_dpt_time" : "19:35"
            }
        }

    }
}
