{
    "8096" : {
        "con_id" : 1,
        "distance" : 0,
        "latitude" : 0,
        "longitude" : 0,
        "name" : "Ruhunu Kumari",
        "total_distance" :  28252

    },
    "8086" : {
        "con_id" : 1,
        "distance" : 0,
        "latitude" :6.850918589795315,
        "longitude" : 79.86209862467581,
        "name" : "Sagarika",
        "total_distance" : 28252,
        "route":["001","002","003","004","005",
            "006","007","008","009","010",
            "011","012","013","014","015",
            "016","017","018","019","020",
            "021","022","023","024","025",
            "026","027","028"]

        },
        "8076" : {
            "con_id" : 1,
            "distance" : 0,
            "latitude" : 0,
            "longitude" : 0,
            "name" : "Ruhunu Kumari",
            "total_distance" : 28252

        }
    }
